TimeSeries ID,instance/cpu/utilization.gce_instance.ALIGN_MEAN.REDUCE_NONE.metric.type="compute.googleapis.com/instance/cpu/utilization" resource.type="gce_instance" resource.labels."instance_id"="2549258621673232312" resource.labels."zone"="europe-west1-b" AND resource.labels."project_id"="master-daniel-449615".60s.instance_id:2549258621673232312.project_id:master-daniel-449615.zone:europe-west1-b.instance_name:micro-sut-experiment-53
instance_name,micro-sut-experiment-53
instance_id,2549258621673232312
zone,europe-west1-b
project_id,master-daniel-449615
Sat Mar 01 2025 12:04:00 GMT+0100 (Central European Standard Time),0.1217557249140553
Sat Mar 01 2025 12:05:00 GMT+0100 (Central European Standard Time),0.24032669565852643
Sat Mar 01 2025 12:06:00 GMT+0100 (Central European Standard Time),0.44213804818960367
Sat Mar 01 2025 12:07:00 GMT+0100 (Central European Standard Time),0.25097306663619307
Sat Mar 01 2025 12:08:00 GMT+0100 (Central European Standard Time),0.049944462499123786
Sat Mar 01 2025 12:09:00 GMT+0100 (Central European Standard Time),0.3199718918139662
Sat Mar 01 2025 12:10:00 GMT+0100 (Central European Standard Time),0.6937842348351078
Sat Mar 01 2025 12:11:00 GMT+0100 (Central European Standard Time),0.8211157448669028
Sat Mar 01 2025 12:12:00 GMT+0100 (Central European Standard Time),0.9293904130964312
Sat Mar 01 2025 12:13:00 GMT+0100 (Central European Standard Time),0.9864452114862051
Sat Mar 01 2025 12:14:00 GMT+0100 (Central European Standard Time),0.9817344138968422
Sat Mar 01 2025 12:15:00 GMT+0100 (Central European Standard Time),0.967909669979638
Sat Mar 01 2025 12:16:00 GMT+0100 (Central European Standard Time),0.9746820096287271
Sat Mar 01 2025 12:17:00 GMT+0100 (Central European Standard Time),0.9761207305996199
Sat Mar 01 2025 12:18:00 GMT+0100 (Central European Standard Time),0.9778435398147375
Sat Mar 01 2025 12:19:00 GMT+0100 (Central European Standard Time),0.9976905672103138
Sat Mar 01 2025 12:20:00 GMT+0100 (Central European Standard Time),0.9708388172055132
Sat Mar 01 2025 12:21:00 GMT+0100 (Central European Standard Time),0.9363530467113207
Sat Mar 01 2025 12:22:00 GMT+0100 (Central European Standard Time),0.9614537955780595
Sat Mar 01 2025 12:23:00 GMT+0100 (Central European Standard Time),0.9907548829076139
Sat Mar 01 2025 12:24:00 GMT+0100 (Central European Standard Time),0.9835815232660347
Sat Mar 01 2025 12:25:00 GMT+0100 (Central European Standard Time),0.9852946002841368
Sat Mar 01 2025 12:26:00 GMT+0100 (Central European Standard Time),0.9729207277226294
Sat Mar 01 2025 12:27:00 GMT+0100 (Central European Standard Time),0.9580179665972006
Sat Mar 01 2025 12:28:00 GMT+0100 (Central European Standard Time),0.96496250003064
Sat Mar 01 2025 12:29:00 GMT+0100 (Central European Standard Time),0.9773987374239748
Sat Mar 01 2025 12:30:00 GMT+0100 (Central European Standard Time),0.8259014058721845
Sat Mar 01 2025 12:31:00 GMT+0100 (Central European Standard Time),0.623767071376157
Sat Mar 01 2025 12:32:00 GMT+0100 (Central European Standard Time),0.6641576786414476
Sat Mar 01 2025 12:33:00 GMT+0100 (Central European Standard Time),0.8591823861636991
Sat Mar 01 2025 12:34:00 GMT+0100 (Central European Standard Time),0.9658928379564485
Sat Mar 01 2025 12:35:00 GMT+0100 (Central European Standard Time),0.9647931663798734
Sat Mar 01 2025 12:36:00 GMT+0100 (Central European Standard Time),0.9822643028461622
Sat Mar 01 2025 12:37:00 GMT+0100 (Central European Standard Time),0.9859151615780622
Sat Mar 01 2025 12:38:00 GMT+0100 (Central European Standard Time),0.9447924537405924
Sat Mar 01 2025 12:39:00 GMT+0100 (Central European Standard Time),0.9100960930237268
Sat Mar 01 2025 12:40:00 GMT+0100 (Central European Standard Time),0.9421443537729487
Sat Mar 01 2025 12:41:00 GMT+0100 (Central European Standard Time),0.974588502243652
Sat Mar 01 2025 12:42:00 GMT+0100 (Central European Standard Time),0.9743942915112219
Sat Mar 01 2025 12:43:00 GMT+0100 (Central European Standard Time),0.7880345898344217
Sat Mar 01 2025 12:44:00 GMT+0100 (Central European Standard Time),0.5553762754687189
Sat Mar 01 2025 12:45:00 GMT+0100 (Central European Standard Time),0.6504529557689731
Sat Mar 01 2025 12:46:00 GMT+0100 (Central European Standard Time),0.8958164240984728
Sat Mar 01 2025 12:47:00 GMT+0100 (Central European Standard Time),0.9968392817345981
Sat Mar 01 2025 12:48:00 GMT+0100 (Central European Standard Time),0.9820987882758724
Sat Mar 01 2025 12:49:00 GMT+0100 (Central European Standard Time),0.9780572161227913
Sat Mar 01 2025 12:50:00 GMT+0100 (Central European Standard Time),0.9814615633426228
Sat Mar 01 2025 12:51:00 GMT+0100 (Central European Standard Time),0.9725292826685215
Sat Mar 01 2025 12:52:00 GMT+0100 (Central European Standard Time),0.9237562102902226
Sat Mar 01 2025 12:53:00 GMT+0100 (Central European Standard Time),0.9235052077121357
Sat Mar 01 2025 12:54:00 GMT+0100 (Central European Standard Time),0.9729058721197058
Sat Mar 01 2025 12:55:00 GMT+0100 (Central European Standard Time),0.9374874931679642
Sat Mar 01 2025 12:56:00 GMT+0100 (Central European Standard Time),0.8759330654664533
Sat Mar 01 2025 12:57:00 GMT+0100 (Central European Standard Time),0.9269840127917026
Sat Mar 01 2025 12:58:00 GMT+0100 (Central European Standard Time),0.9867293377965097
Sat Mar 01 2025 12:59:00 GMT+0100 (Central European Standard Time),0.8979869935236972
Sat Mar 01 2025 13:00:00 GMT+0100 (Central European Standard Time),0.8286897419847568
Sat Mar 01 2025 13:01:00 GMT+0100 (Central European Standard Time),0.9121730999350651
Sat Mar 01 2025 13:02:00 GMT+0100 (Central European Standard Time),0.9897011004121548
Sat Mar 01 2025 13:03:00 GMT+0100 (Central European Standard Time),0.972532977645642
Sat Mar 01 2025 13:04:00 GMT+0100 (Central European Standard Time),0.90037686420463
Sat Mar 01 2025 13:05:00 GMT+0100 (Central European Standard Time),0.8797448927717445
Sat Mar 01 2025 13:06:00 GMT+0100 (Central European Standard Time),0.9435021182953809
Sat Mar 01 2025 13:07:00 GMT+0100 (Central European Standard Time),0.977534744235739
Sat Mar 01 2025 13:08:00 GMT+0100 (Central European Standard Time),0.9853677843363509
Sat Mar 01 2025 13:09:00 GMT+0100 (Central European Standard Time),0.993007211644264
Sat Mar 01 2025 13:10:00 GMT+0100 (Central European Standard Time),0.9967220827968882
Sat Mar 01 2025 13:11:00 GMT+0100 (Central European Standard Time),0.9959699654326338
Sat Mar 01 2025 13:12:00 GMT+0100 (Central European Standard Time),0.9945116095676289
Sat Mar 01 2025 13:13:00 GMT+0100 (Central European Standard Time),0.9923391525865175
Sat Mar 01 2025 13:14:00 GMT+0100 (Central European Standard Time),0.9964759383705314
Sat Mar 01 2025 13:15:00 GMT+0100 (Central European Standard Time),1.000284977043566
Sat Mar 01 2025 13:16:00 GMT+0100 (Central European Standard Time),0.9963195670178265
Sat Mar 01 2025 13:17:00 GMT+0100 (Central European Standard Time),0.9826121398116281
Sat Mar 01 2025 13:18:00 GMT+0100 (Central European Standard Time),0.9279371336084674
Sat Mar 01 2025 13:19:00 GMT+0100 (Central European Standard Time),0.8713251779401844
Sat Mar 01 2025 13:20:00 GMT+0100 (Central European Standard Time),0.6966394392897352
Sat Mar 01 2025 13:21:00 GMT+0100 (Central European Standard Time),0.5287771002509544
Sat Mar 01 2025 13:22:00 GMT+0100 (Central European Standard Time),0.6494275917617112
Sat Mar 01 2025 13:23:00 GMT+0100 (Central European Standard Time),0.8798225829958027
Sat Mar 01 2025 13:24:00 GMT+0100 (Central European Standard Time),0.9866592330905102
Sat Mar 01 2025 13:25:00 GMT+0100 (Central European Standard Time),0.9898892598879229
Sat Mar 01 2025 13:26:00 GMT+0100 (Central European Standard Time),0.9854046090028381
Sat Mar 01 2025 13:27:00 GMT+0100 (Central European Standard Time),0.984737996872415
Sat Mar 01 2025 13:28:00 GMT+0100 (Central European Standard Time),0.9920997438231703
Sat Mar 01 2025 13:29:00 GMT+0100 (Central European Standard Time),0.9937037708742992
Sat Mar 01 2025 13:30:00 GMT+0100 (Central European Standard Time),0.9902042442889979
Sat Mar 01 2025 13:31:00 GMT+0100 (Central European Standard Time),0.9852024614382117
Sat Mar 01 2025 13:32:00 GMT+0100 (Central European Standard Time),0.9805831861307372
Sat Mar 01 2025 13:33:00 GMT+0100 (Central European Standard Time),0.9841300743681586
Sat Mar 01 2025 13:34:00 GMT+0100 (Central European Standard Time),0.994431044271399
Sat Mar 01 2025 13:35:00 GMT+0100 (Central European Standard Time),0.9979634097532805
Sat Mar 01 2025 13:36:00 GMT+0100 (Central European Standard Time),0.9977621075792892
Sat Mar 01 2025 13:37:00 GMT+0100 (Central European Standard Time),0.9883127303002159
Sat Mar 01 2025 13:38:00 GMT+0100 (Central European Standard Time),0.980429605286569
Sat Mar 01 2025 13:39:00 GMT+0100 (Central European Standard Time),0.9853387795072649
Sat Mar 01 2025 13:40:00 GMT+0100 (Central European Standard Time),0.9887012640989269
Sat Mar 01 2025 13:41:00 GMT+0100 (Central European Standard Time),0.9867629812753572
Sat Mar 01 2025 13:42:00 GMT+0100 (Central European Standard Time),0.8959561443715454
Sat Mar 01 2025 13:43:00 GMT+0100 (Central European Standard Time),0.850097982255132
Sat Mar 01 2025 13:44:00 GMT+0100 (Central European Standard Time),0.9381951475586144
Sat Mar 01 2025 13:45:00 GMT+0100 (Central European Standard Time),0.984257835991472
Sat Mar 01 2025 13:46:00 GMT+0100 (Central European Standard Time),0.9862577299464496
Sat Mar 01 2025 13:47:00 GMT+0100 (Central European Standard Time),0.9763510982854919
Sat Mar 01 2025 13:48:00 GMT+0100 (Central European Standard Time),0.9739095294040453
Sat Mar 01 2025 13:49:00 GMT+0100 (Central European Standard Time),0.9836485105586386
Sat Mar 01 2025 13:50:00 GMT+0100 (Central European Standard Time),0.982512570507409
Sat Mar 01 2025 13:51:00 GMT+0100 (Central European Standard Time),0.9849907280237554
Sat Mar 01 2025 13:52:00 GMT+0100 (Central European Standard Time),0.9960819874846493
Sat Mar 01 2025 13:53:00 GMT+0100 (Central European Standard Time),0.9953186677477334
Sat Mar 01 2025 13:54:00 GMT+0100 (Central European Standard Time),0.97633896341052
Sat Mar 01 2025 13:55:00 GMT+0100 (Central European Standard Time),0.9679858009730045
Sat Mar 01 2025 13:56:00 GMT+0100 (Central European Standard Time),0.9834840641565279
Sat Mar 01 2025 13:57:00 GMT+0100 (Central European Standard Time),0.9947993615504098
Sat Mar 01 2025 13:58:00 GMT+0100 (Central European Standard Time),0.9926602119122132
Sat Mar 01 2025 13:59:00 GMT+0100 (Central European Standard Time),0.9876738550478118
Sat Mar 01 2025 14:00:00 GMT+0100 (Central European Standard Time),0.9840207170329752
Sat Mar 01 2025 14:01:00 GMT+0100 (Central European Standard Time),0.9830086251099298
Sat Mar 01 2025 14:02:00 GMT+0100 (Central European Standard Time),0.978131130333683
Sat Mar 01 2025 14:03:00 GMT+0100 (Central European Standard Time),0.9681248689383514
Sat Mar 01 2025 14:04:00 GMT+0100 (Central European Standard Time),0.9742616902174631
Sat Mar 01 2025 14:05:00 GMT+0100 (Central European Standard Time),0.9885505888188163
Sat Mar 01 2025 14:06:00 GMT+0100 (Central European Standard Time),0.9908078647006429
Sat Mar 01 2025 14:07:00 GMT+0100 (Central European Standard Time),0.9922398707345261
Sat Mar 01 2025 14:08:00 GMT+0100 (Central European Standard Time),0.9519326523368211
Sat Mar 01 2025 14:09:00 GMT+0100 (Central European Standard Time),0.8056855873376358
Sat Mar 01 2025 14:10:00 GMT+0100 (Central European Standard Time),0.7274147509976198
Sat Mar 01 2025 14:11:00 GMT+0100 (Central European Standard Time),0.7507414857222253
Sat Mar 01 2025 14:12:00 GMT+0100 (Central European Standard Time),0.867625189737555
Sat Mar 01 2025 14:13:00 GMT+0100 (Central European Standard Time),0.8168835109855536
Sat Mar 01 2025 14:14:00 GMT+0100 (Central European Standard Time),0.618441079848617
Sat Mar 01 2025 14:15:00 GMT+0100 (Central European Standard Time),0.7352908156807644
Sat Mar 01 2025 14:16:00 GMT+0100 (Central European Standard Time),0.9218852727715633
Sat Mar 01 2025 14:17:00 GMT+0100 (Central European Standard Time),0.9648827591049364
Sat Mar 01 2025 14:18:00 GMT+0100 (Central European Standard Time),0.9739182018634437
Sat Mar 01 2025 14:19:00 GMT+0100 (Central European Standard Time),0.9849694059024842
Sat Mar 01 2025 14:20:00 GMT+0100 (Central European Standard Time),0.9884368921860641
Sat Mar 01 2025 14:21:00 GMT+0100 (Central European Standard Time),0.9456865148857104
Sat Mar 01 2025 14:22:00 GMT+0100 (Central European Standard Time),0.9073982051322521
Sat Mar 01 2025 14:23:00 GMT+0100 (Central European Standard Time),0.9485695325401593
Sat Mar 01 2025 14:24:00 GMT+0100 (Central European Standard Time),0.9809381727458912
Sat Mar 01 2025 14:25:00 GMT+0100 (Central European Standard Time),0.9524967854528464
Sat Mar 01 2025 14:26:00 GMT+0100 (Central European Standard Time),0.9233674102559386
Sat Mar 01 2025 14:27:00 GMT+0100 (Central European Standard Time),0.9402409677116338
Sat Mar 01 2025 14:28:00 GMT+0100 (Central European Standard Time),0.9549284537430898
Sat Mar 01 2025 14:29:00 GMT+0100 (Central European Standard Time),0.9727031323503373
Sat Mar 01 2025 14:30:00 GMT+0100 (Central European Standard Time),0.988448795014286
Sat Mar 01 2025 14:31:00 GMT+0100 (Central European Standard Time),0.9820388571299342
Sat Mar 01 2025 14:32:00 GMT+0100 (Central European Standard Time),0.9786943972452263
Sat Mar 01 2025 14:33:00 GMT+0100 (Central European Standard Time),0.9761019091305722
Sat Mar 01 2025 14:34:00 GMT+0100 (Central European Standard Time),0.981633799708637
Sat Mar 01 2025 14:35:00 GMT+0100 (Central European Standard Time),0.9891454967274815
Sat Mar 01 2025 14:36:00 GMT+0100 (Central European Standard Time),0.9953828733894018
Sat Mar 01 2025 14:37:00 GMT+0100 (Central European Standard Time),0.9897173685642883
Sat Mar 01 2025 14:38:00 GMT+0100 (Central European Standard Time),0.9758866607576238
Sat Mar 01 2025 14:39:00 GMT+0100 (Central European Standard Time),0.9811683597098939
Sat Mar 01 2025 14:40:00 GMT+0100 (Central European Standard Time),0.9898034796065076
Sat Mar 01 2025 14:41:00 GMT+0100 (Central European Standard Time),0.9919921448301465
Sat Mar 01 2025 14:42:00 GMT+0100 (Central European Standard Time),0.9859630531045392
Sat Mar 01 2025 14:43:00 GMT+0100 (Central European Standard Time),0.9458678454830988
Sat Mar 01 2025 14:44:00 GMT+0100 (Central European Standard Time),0.936109324024134
Sat Mar 01 2025 14:45:00 GMT+0100 (Central European Standard Time),0.8094140624862727
Sat Mar 01 2025 14:46:00 GMT+0100 (Central European Standard Time),0.5028957415898124
Sat Mar 01 2025 14:47:00 GMT+0100 (Central European Standard Time),0.5060309485392888
Sat Mar 01 2025 14:48:00 GMT+0100 (Central European Standard Time),0.8227072255629233
Sat Mar 01 2025 14:49:00 GMT+0100 (Central European Standard Time),0.9678794125892334
Sat Mar 01 2025 14:50:00 GMT+0100 (Central European Standard Time),0.7072582286472122
Sat Mar 01 2025 14:51:00 GMT+0100 (Central European Standard Time),0.3664364533514345
Sat Mar 01 2025 14:52:00 GMT+0100 (Central European Standard Time),0.5676248670427109
Sat Mar 01 2025 14:53:00 GMT+0100 (Central European Standard Time),0.9265308684792216
Sat Mar 01 2025 14:54:00 GMT+0100 (Central European Standard Time),0.983629486850532
Sat Mar 01 2025 14:55:00 GMT+0100 (Central European Standard Time),0.9819666087851753
Sat Mar 01 2025 14:56:00 GMT+0100 (Central European Standard Time),0.9217909111003185
Sat Mar 01 2025 14:57:00 GMT+0100 (Central European Standard Time),0.8960805872089319
Sat Mar 01 2025 14:58:00 GMT+0100 (Central European Standard Time),0.9622910222013464
Sat Mar 01 2025 14:59:00 GMT+0100 (Central European Standard Time),0.9854461804975775
Sat Mar 01 2025 15:00:00 GMT+0100 (Central European Standard Time),0.9911669376703381
Sat Mar 01 2025 15:01:00 GMT+0100 (Central European Standard Time),0.9905332526406406
Sat Mar 01 2025 15:02:00 GMT+0100 (Central European Standard Time),0.9923231280387881
Sat Mar 01 2025 15:03:00 GMT+0100 (Central European Standard Time),0.9964442600124737
Sat Mar 01 2025 15:04:00 GMT+0100 (Central European Standard Time),0.9934102656378552
Sat Mar 01 2025 15:05:00 GMT+0100 (Central European Standard Time),0.922584985834995
Sat Mar 01 2025 15:06:00 GMT+0100 (Central European Standard Time),0.8607239388823776
Sat Mar 01 2025 15:07:00 GMT+0100 (Central European Standard Time),0.9234299105604805
Sat Mar 01 2025 15:08:00 GMT+0100 (Central European Standard Time),0.9798512102199917
Sat Mar 01 2025 15:09:00 GMT+0100 (Central European Standard Time),0.9809481887720115
Sat Mar 01 2025 15:10:00 GMT+0100 (Central European Standard Time),0.9788492594284738
Sat Mar 01 2025 15:11:00 GMT+0100 (Central European Standard Time),0.9776408892233425
Sat Mar 01 2025 15:12:00 GMT+0100 (Central European Standard Time),0.8006223651564748
Sat Mar 01 2025 15:13:00 GMT+0100 (Central European Standard Time),0.4847331666919369
Sat Mar 01 2025 15:14:00 GMT+0100 (Central European Standard Time),0.5357105421103673
Sat Mar 01 2025 15:15:00 GMT+0100 (Central European Standard Time),0.8185595559637476
Sat Mar 01 2025 15:16:00 GMT+0100 (Central European Standard Time),0.9246481240995005
Sat Mar 01 2025 15:17:00 GMT+0100 (Central European Standard Time),0.9631511365790478
Sat Mar 01 2025 15:18:00 GMT+0100 (Central European Standard Time),0.985150559900588
Sat Mar 01 2025 15:19:00 GMT+0100 (Central European Standard Time),0.9766853468304059
Sat Mar 01 2025 15:20:00 GMT+0100 (Central European Standard Time),0.9728061256272061
Sat Mar 01 2025 15:21:00 GMT+0100 (Central European Standard Time),0.9780021616446902
Sat Mar 01 2025 15:22:00 GMT+0100 (Central European Standard Time),0.9106281740435406
Sat Mar 01 2025 15:23:00 GMT+0100 (Central European Standard Time),0.857315474876062
Sat Mar 01 2025 15:24:00 GMT+0100 (Central European Standard Time),0.9255257166929368
Sat Mar 01 2025 15:25:00 GMT+0100 (Central European Standard Time),0.9774876716992973
Sat Mar 01 2025 15:26:00 GMT+0100 (Central European Standard Time),0.9814595784455984
Sat Mar 01 2025 15:27:00 GMT+0100 (Central European Standard Time),0.9090513319801176
Sat Mar 01 2025 15:28:00 GMT+0100 (Central European Standard Time),0.8959951906327357
Sat Mar 01 2025 15:29:00 GMT+0100 (Central European Standard Time),0.9701854598986149
Sat Mar 01 2025 15:30:00 GMT+0100 (Central European Standard Time),0.975870338779047
Sat Mar 01 2025 15:31:00 GMT+0100 (Central European Standard Time),0.9729620833739925
Sat Mar 01 2025 15:32:00 GMT+0100 (Central European Standard Time),0.9832776072061279
Sat Mar 01 2025 15:33:00 GMT+0100 (Central European Standard Time),0.9872542810818837
Sat Mar 01 2025 15:34:00 GMT+0100 (Central European Standard Time),0.9879911947141712
Sat Mar 01 2025 15:35:00 GMT+0100 (Central European Standard Time),0.9950865191373244
Sat Mar 01 2025 15:36:00 GMT+0100 (Central European Standard Time),0.9928128670591528
Sat Mar 01 2025 15:37:00 GMT+0100 (Central European Standard Time),0.9774489632731881
Sat Mar 01 2025 15:38:00 GMT+0100 (Central European Standard Time),0.9829036857104256
Sat Mar 01 2025 15:39:00 GMT+0100 (Central European Standard Time),0.9957793791902986
Sat Mar 01 2025 15:40:00 GMT+0100 (Central European Standard Time),0.9872981994371003
Sat Mar 01 2025 15:41:00 GMT+0100 (Central European Standard Time),0.9803455233538746
Sat Mar 01 2025 15:42:00 GMT+0100 (Central European Standard Time),0.9851552573249137
Sat Mar 01 2025 15:43:00 GMT+0100 (Central European Standard Time),0.986677520399644
Sat Mar 01 2025 15:44:00 GMT+0100 (Central European Standard Time),0.9881533558648697
Sat Mar 01 2025 15:45:00 GMT+0100 (Central European Standard Time),0.9718371105514658
Sat Mar 01 2025 15:46:00 GMT+0100 (Central European Standard Time),0.958897384992118
Sat Mar 01 2025 15:47:00 GMT+0100 (Central European Standard Time),0.9799520378120481
Sat Mar 01 2025 15:48:00 GMT+0100 (Central European Standard Time),0.9929819990073155
Sat Mar 01 2025 15:49:00 GMT+0100 (Central European Standard Time),0.995454257803461
Sat Mar 01 2025 15:50:00 GMT+0100 (Central European Standard Time),0.9968324859895802
Sat Mar 01 2025 15:51:00 GMT+0100 (Central European Standard Time),0.9941648652208035
Sat Mar 01 2025 15:52:00 GMT+0100 (Central European Standard Time),0.975994774833119
Sat Mar 01 2025 15:53:00 GMT+0100 (Central European Standard Time),0.9485820176184158
Sat Mar 01 2025 15:54:00 GMT+0100 (Central European Standard Time),0.9421750857766104
Sat Mar 01 2025 15:55:00 GMT+0100 (Central European Standard Time),0.9625185188319544
Sat Mar 01 2025 15:56:00 GMT+0100 (Central European Standard Time),0.9875350827987556
Sat Mar 01 2025 15:57:00 GMT+0100 (Central European Standard Time),0.9935116868009269
Sat Mar 01 2025 15:58:00 GMT+0100 (Central European Standard Time),0.9896675677889106
Sat Mar 01 2025 15:59:00 GMT+0100 (Central European Standard Time),0.9904412861184331
Sat Mar 01 2025 16:00:00 GMT+0100 (Central European Standard Time),0.9809336981501171
Sat Mar 01 2025 16:01:00 GMT+0100 (Central European Standard Time),0.9741136758109253
Sat Mar 01 2025 16:02:00 GMT+0100 (Central European Standard Time),0.9763937916126452
Sat Mar 01 2025 16:03:00 GMT+0100 (Central European Standard Time),0.9819059469243863
Sat Mar 01 2025 16:04:00 GMT+0100 (Central European Standard Time),0.9894155110576017
Sat Mar 01 2025 16:05:00 GMT+0100 (Central European Standard Time),0.9895994849686758
Sat Mar 01 2025 16:06:00 GMT+0100 (Central European Standard Time),0.9882014087375258
Sat Mar 01 2025 16:07:00 GMT+0100 (Central European Standard Time),0.8175642384649715
Sat Mar 01 2025 16:08:00 GMT+0100 (Central European Standard Time),0.5841075492943371
Sat Mar 01 2025 16:09:00 GMT+0100 (Central European Standard Time),0.5946319317366033
Sat Mar 01 2025 16:10:00 GMT+0100 (Central European Standard Time),0.8312396572758188
Sat Mar 01 2025 16:11:00 GMT+0100 (Central European Standard Time),0.9772637913024482
Sat Mar 01 2025 16:12:00 GMT+0100 (Central European Standard Time),0.9681695977673674
Sat Mar 01 2025 16:13:00 GMT+0100 (Central European Standard Time),0.9616634774405914
Sat Mar 01 2025 16:14:00 GMT+0100 (Central European Standard Time),0.9714260384489838
Sat Mar 01 2025 16:15:00 GMT+0100 (Central European Standard Time),0.9903523436496168
Sat Mar 01 2025 16:16:00 GMT+0100 (Central European Standard Time),0.9381481620640746
Sat Mar 01 2025 16:17:00 GMT+0100 (Central European Standard Time),0.9444367244786918
Sat Mar 01 2025 16:18:00 GMT+0100 (Central European Standard Time),0.996922512552707
Sat Mar 01 2025 16:19:00 GMT+0100 (Central European Standard Time),0.9885238647334518
Sat Mar 01 2025 16:20:00 GMT+0100 (Central European Standard Time),0.9784046247062785
Sat Mar 01 2025 16:21:00 GMT+0100 (Central European Standard Time),0.9695920467443405
Sat Mar 01 2025 16:22:00 GMT+0100 (Central European Standard Time),0.9626475422458801
Sat Mar 01 2025 16:23:00 GMT+0100 (Central European Standard Time),0.9753588212201976
Sat Mar 01 2025 16:24:00 GMT+0100 (Central European Standard Time),0.9556231077072577
Sat Mar 01 2025 16:25:00 GMT+0100 (Central European Standard Time),0.9233519379410912
Sat Mar 01 2025 16:26:00 GMT+0100 (Central European Standard Time),0.9572070589216006
Sat Mar 01 2025 16:27:00 GMT+0100 (Central European Standard Time),0.9911105980093452
Sat Mar 01 2025 16:28:00 GMT+0100 (Central European Standard Time),0.983888417603248
Sat Mar 01 2025 16:29:00 GMT+0100 (Central European Standard Time),0.9767197064710672
Sat Mar 01 2025 16:30:00 GMT+0100 (Central European Standard Time),0.9507266786535183
Sat Mar 01 2025 16:31:00 GMT+0100 (Central European Standard Time),0.8698052900455877
Sat Mar 01 2025 16:32:00 GMT+0100 (Central European Standard Time),0.8422549889658512
Sat Mar 01 2025 16:33:00 GMT+0100 (Central European Standard Time),0.9181919612748667
Sat Mar 01 2025 16:34:00 GMT+0100 (Central European Standard Time),0.9715589758123921
Sat Mar 01 2025 16:35:00 GMT+0100 (Central European Standard Time),0.9730684821544552
Sat Mar 01 2025 16:36:00 GMT+0100 (Central European Standard Time),0.9632895936594347
Sat Mar 01 2025 16:37:00 GMT+0100 (Central European Standard Time),0.9766946584706905
Sat Mar 01 2025 16:38:00 GMT+0100 (Central European Standard Time),0.988141811698612
Sat Mar 01 2025 16:39:00 GMT+0100 (Central European Standard Time),0.9818184893387903
Sat Mar 01 2025 16:40:00 GMT+0100 (Central European Standard Time),0.9290786641873031
Sat Mar 01 2025 16:41:00 GMT+0100 (Central European Standard Time),0.5802572139594304
Sat Mar 01 2025 16:42:00 GMT+0100 (Central European Standard Time),0.3616687941651738
Sat Mar 01 2025 16:43:00 GMT+0100 (Central European Standard Time),0.7142270035779196
Sat Mar 01 2025 16:44:00 GMT+0100 (Central European Standard Time),0.9984730460013755
Sat Mar 01 2025 16:45:00 GMT+0100 (Central European Standard Time),0.867291056515478
Sat Mar 01 2025 16:46:00 GMT+0100 (Central European Standard Time),0.6643139541548104
Sat Mar 01 2025 16:47:00 GMT+0100 (Central European Standard Time),0.634006731771539
Sat Mar 01 2025 16:48:00 GMT+0100 (Central European Standard Time),0.8297361583812745
Sat Mar 01 2025 16:49:00 GMT+0100 (Central European Standard Time),0.9742948363880107
Sat Mar 01 2025 16:50:00 GMT+0100 (Central European Standard Time),0.9674748832692784
Sat Mar 01 2025 16:51:00 GMT+0100 (Central European Standard Time),0.9840107176614462
Sat Mar 01 2025 16:52:00 GMT+0100 (Central European Standard Time),0.9505874185647675
Sat Mar 01 2025 16:53:00 GMT+0100 (Central European Standard Time),0.9131433116063514
Sat Mar 01 2025 16:54:00 GMT+0100 (Central European Standard Time),0.9028517191521132
Sat Mar 01 2025 16:55:00 GMT+0100 (Central European Standard Time),0.6989420497709944
Sat Mar 01 2025 16:56:00 GMT+0100 (Central European Standard Time),0.5189814442433696
Sat Mar 01 2025 16:57:00 GMT+0100 (Central European Standard Time),0.7499056675369502
Sat Mar 01 2025 16:58:00 GMT+0100 (Central European Standard Time),0.9842988517169337
Sat Mar 01 2025 16:59:00 GMT+0100 (Central European Standard Time),0.9975500258228446
Sat Mar 01 2025 17:00:00 GMT+0100 (Central European Standard Time),0.9914039224250397
Sat Mar 01 2025 17:01:00 GMT+0100 (Central European Standard Time),0.9865724025811384
Sat Mar 01 2025 17:02:00 GMT+0100 (Central European Standard Time),0.9771021858501626
Sat Mar 01 2025 17:03:00 GMT+0100 (Central European Standard Time),0.902535819853468
Sat Mar 01 2025 17:04:00 GMT+0100 (Central European Standard Time),0.8398338643954655
Sat Mar 01 2025 17:05:00 GMT+0100 (Central European Standard Time),0.9146809618154293
Sat Mar 01 2025 17:06:00 GMT+0100 (Central European Standard Time),0.9868302234466683
Sat Mar 01 2025 17:07:00 GMT+0100 (Central European Standard Time),0.9870886803073518
Sat Mar 01 2025 17:08:00 GMT+0100 (Central European Standard Time),0.9877770621217982
Sat Mar 01 2025 17:09:00 GMT+0100 (Central European Standard Time),0.97986197302871
Sat Mar 01 2025 17:10:00 GMT+0100 (Central European Standard Time),0.9796547012930508
Sat Mar 01 2025 17:11:00 GMT+0100 (Central European Standard Time),0.9930531707711149
Sat Mar 01 2025 17:12:00 GMT+0100 (Central European Standard Time),0.9761758550579543
Sat Mar 01 2025 17:13:00 GMT+0100 (Central European Standard Time),0.9420758173947736
Sat Mar 01 2025 17:14:00 GMT+0100 (Central European Standard Time),0.950555759227791
Sat Mar 01 2025 17:15:00 GMT+0100 (Central European Standard Time),0.971541695317986
Sat Mar 01 2025 17:16:00 GMT+0100 (Central European Standard Time),0.9838360024611877
Sat Mar 01 2025 17:17:00 GMT+0100 (Central European Standard Time),0.9861131541081704
Sat Mar 01 2025 17:18:00 GMT+0100 (Central European Standard Time),0.9853730033762379
Sat Mar 01 2025 17:19:00 GMT+0100 (Central European Standard Time),0.9938655495550847
Sat Mar 01 2025 17:20:00 GMT+0100 (Central European Standard Time),0.9982424004190155
Sat Mar 01 2025 17:21:00 GMT+0100 (Central European Standard Time),0.9884345652174185
Sat Mar 01 2025 17:22:00 GMT+0100 (Central European Standard Time),0.940751886876266
Sat Mar 01 2025 17:23:00 GMT+0100 (Central European Standard Time),0.8821754662999107
Sat Mar 01 2025 17:24:00 GMT+0100 (Central European Standard Time),0.9121216305311464
Sat Mar 01 2025 17:25:00 GMT+0100 (Central European Standard Time),0.9759041435365361
Sat Mar 01 2025 17:26:00 GMT+0100 (Central European Standard Time),0.9876868897003078
Sat Mar 01 2025 17:27:00 GMT+0100 (Central European Standard Time),0.9786748652764193
Sat Mar 01 2025 17:28:00 GMT+0100 (Central European Standard Time),0.9759317812015675
Sat Mar 01 2025 17:29:00 GMT+0100 (Central European Standard Time),0.9756924646226253
Sat Mar 01 2025 17:30:00 GMT+0100 (Central European Standard Time),0.9621191232934506
Sat Mar 01 2025 17:31:00 GMT+0100 (Central European Standard Time),0.974402446440096
Sat Mar 01 2025 17:32:00 GMT+0100 (Central European Standard Time),0.9872266611152251
Sat Mar 01 2025 17:33:00 GMT+0100 (Central European Standard Time),0.9882027303605961
Sat Mar 01 2025 17:34:00 GMT+0100 (Central European Standard Time),0.8949073683325575
Sat Mar 01 2025 17:35:00 GMT+0100 (Central European Standard Time),0.6991431590305486
Sat Mar 01 2025 17:36:00 GMT+0100 (Central European Standard Time),0.6628481956915493
Sat Mar 01 2025 17:37:00 GMT+0100 (Central European Standard Time),0.8558479545598554
Sat Mar 01 2025 17:38:00 GMT+0100 (Central European Standard Time),0.9869110630872455
Sat Mar 01 2025 17:39:00 GMT+0100 (Central European Standard Time),0.9814994780656585
Sat Mar 01 2025 17:40:00 GMT+0100 (Central European Standard Time),0.9905417379250139
Sat Mar 01 2025 17:41:00 GMT+0100 (Central European Standard Time),0.9977536287264229
Sat Mar 01 2025 17:42:00 GMT+0100 (Central European Standard Time),0.9905343266325265
Sat Mar 01 2025 17:43:00 GMT+0100 (Central European Standard Time),0.9838631228086645
Sat Mar 01 2025 17:44:00 GMT+0100 (Central European Standard Time),0.8847998747170398
Sat Mar 01 2025 17:45:00 GMT+0100 (Central European Standard Time),0.5707767318741995
Sat Mar 01 2025 17:46:00 GMT+0100 (Central European Standard Time),0.4689534650101147
Sat Mar 01 2025 17:47:00 GMT+0100 (Central European Standard Time),0.7780285792704187
Sat Mar 01 2025 17:48:00 GMT+0100 (Central European Standard Time),0.9736107881356778
Sat Mar 01 2025 17:49:00 GMT+0100 (Central European Standard Time),0.9865481150229243
Sat Mar 01 2025 17:50:00 GMT+0100 (Central European Standard Time),0.9944272747278471
Sat Mar 01 2025 17:51:00 GMT+0100 (Central European Standard Time),0.9971358918881378
Sat Mar 01 2025 17:52:00 GMT+0100 (Central European Standard Time),0.9928920823440421
Sat Mar 01 2025 17:53:00 GMT+0100 (Central European Standard Time),0.9848258900197834
Sat Mar 01 2025 17:54:00 GMT+0100 (Central European Standard Time),0.9911151252503866
Sat Mar 01 2025 17:55:00 GMT+0100 (Central European Standard Time),0.9990370576124405
Sat Mar 01 2025 17:56:00 GMT+0100 (Central European Standard Time),0.9943638081726628
Sat Mar 01 2025 17:57:00 GMT+0100 (Central European Standard Time),0.9862158834589233
Sat Mar 01 2025 17:58:00 GMT+0100 (Central European Standard Time),0.9700723203643671
Sat Mar 01 2025 17:59:00 GMT+0100 (Central European Standard Time),0.942315144512213
Sat Mar 01 2025 18:00:00 GMT+0100 (Central European Standard Time),0.952991400923626
Sat Mar 01 2025 18:01:00 GMT+0100 (Central European Standard Time),0.9827993016853724
Sat Mar 01 2025 18:02:00 GMT+0100 (Central European Standard Time),0.9899121763503596
Sat Mar 01 2025 18:03:00 GMT+0100 (Central European Standard Time),0.9918937387650052
Sat Mar 01 2025 18:04:00 GMT+0100 (Central European Standard Time),0.9844186307205139
Sat Mar 01 2025 18:05:00 GMT+0100 (Central European Standard Time),0.9768778854150999
Sat Mar 01 2025 18:06:00 GMT+0100 (Central European Standard Time),0.969110061039161
Sat Mar 01 2025 18:07:00 GMT+0100 (Central European Standard Time),0.967285973540614
Sat Mar 01 2025 18:08:00 GMT+0100 (Central European Standard Time),0.9821078359716314
Sat Mar 01 2025 18:09:00 GMT+0100 (Central European Standard Time),0.9866652494239436
Sat Mar 01 2025 18:10:00 GMT+0100 (Central European Standard Time),0.9815536638849759
Sat Mar 01 2025 18:11:00 GMT+0100 (Central European Standard Time),0.9825645552510953
Sat Mar 01 2025 18:12:00 GMT+0100 (Central European Standard Time),0.9793218411115958
Sat Mar 01 2025 18:13:00 GMT+0100 (Central European Standard Time),0.9773878519477875
Sat Mar 01 2025 18:14:00 GMT+0100 (Central European Standard Time),0.991329727878959
Sat Mar 01 2025 18:15:00 GMT+0100 (Central European Standard Time),0.9792466493629035
Sat Mar 01 2025 18:16:00 GMT+0100 (Central European Standard Time),0.9706897580782727
Sat Mar 01 2025 18:17:00 GMT+0100 (Central European Standard Time),0.9519091960778799
Sat Mar 01 2025 18:18:00 GMT+0100 (Central European Standard Time),0.9003930168372487
Sat Mar 01 2025 18:19:00 GMT+0100 (Central European Standard Time),0.8954327640558404
Sat Mar 01 2025 18:20:00 GMT+0100 (Central European Standard Time),0.9366654357546698
Sat Mar 01 2025 18:21:00 GMT+0100 (Central European Standard Time),0.9107758815302077
Sat Mar 01 2025 18:22:00 GMT+0100 (Central European Standard Time),0.855762924162688
Sat Mar 01 2025 18:23:00 GMT+0100 (Central European Standard Time),0.91958188348223
Sat Mar 01 2025 18:24:00 GMT+0100 (Central European Standard Time),0.9907842536071257
Sat Mar 01 2025 18:25:00 GMT+0100 (Central European Standard Time),0.9910147642550025
Sat Mar 01 2025 18:26:00 GMT+0100 (Central European Standard Time),0.9858692851425682
Sat Mar 01 2025 18:27:00 GMT+0100 (Central European Standard Time),0.9861266263825503
Sat Mar 01 2025 18:28:00 GMT+0100 (Central European Standard Time),0.9859771204448406
Sat Mar 01 2025 18:29:00 GMT+0100 (Central European Standard Time),0.9857004777545323
Sat Mar 01 2025 18:30:00 GMT+0100 (Central European Standard Time),0.9814281404738722
Sat Mar 01 2025 18:31:00 GMT+0100 (Central European Standard Time),0.9497639280248525
Sat Mar 01 2025 18:32:00 GMT+0100 (Central European Standard Time),0.9202229791365729
Sat Mar 01 2025 18:33:00 GMT+0100 (Central European Standard Time),0.9515725689008225
Sat Mar 01 2025 18:34:00 GMT+0100 (Central European Standard Time),0.9822772118389063
Sat Mar 01 2025 18:35:00 GMT+0100 (Central European Standard Time),0.9829175683800713
Sat Mar 01 2025 18:36:00 GMT+0100 (Central European Standard Time),0.9730355811310195
Sat Mar 01 2025 18:37:00 GMT+0100 (Central European Standard Time),0.9544022204935876
Sat Mar 01 2025 18:38:00 GMT+0100 (Central European Standard Time),0.9589381995270742
Sat Mar 01 2025 18:39:00 GMT+0100 (Central European Standard Time),0.9859902914888152
Sat Mar 01 2025 18:40:00 GMT+0100 (Central European Standard Time),0.9913123140160072
Sat Mar 01 2025 18:41:00 GMT+0100 (Central European Standard Time),0.9882945870562253
Sat Mar 01 2025 18:42:00 GMT+0100 (Central European Standard Time),0.9940840070352958
Sat Mar 01 2025 18:43:00 GMT+0100 (Central European Standard Time),0.9944975264862175
Sat Mar 01 2025 18:44:00 GMT+0100 (Central European Standard Time),0.9856553493200408
Sat Mar 01 2025 18:45:00 GMT+0100 (Central European Standard Time),0.9884523924257034
Sat Mar 01 2025 18:46:00 GMT+0100 (Central European Standard Time),0.9993207345029683
Sat Mar 01 2025 18:47:00 GMT+0100 (Central European Standard Time),0.9852787315713916
Sat Mar 01 2025 18:48:00 GMT+0100 (Central European Standard Time),0.9635781399508535
Sat Mar 01 2025 18:49:00 GMT+0100 (Central European Standard Time),0.9718508755932513
Sat Mar 01 2025 18:50:00 GMT+0100 (Central European Standard Time),0.9944620175512682
Sat Mar 01 2025 18:51:00 GMT+0100 (Central European Standard Time),0.987926557083847
Sat Mar 01 2025 18:52:00 GMT+0100 (Central European Standard Time),0.8970486884340668
Sat Mar 01 2025 18:53:00 GMT+0100 (Central European Standard Time),0.6096376507241681
Sat Mar 01 2025 18:54:00 GMT+0100 (Central European Standard Time),0.3446290622504724
Sat Mar 01 2025 18:55:00 GMT+0100 (Central European Standard Time),0.5296177006483049
Sat Mar 01 2025 18:56:00 GMT+0100 (Central European Standard Time),0.8690216799643773
Sat Mar 01 2025 18:57:00 GMT+0100 (Central European Standard Time),0.9077251134420901
Sat Mar 01 2025 18:58:00 GMT+0100 (Central European Standard Time),0.9117500467487843
Sat Mar 01 2025 18:59:00 GMT+0100 (Central European Standard Time),0.9760233395870576
Sat Mar 01 2025 19:00:00 GMT+0100 (Central European Standard Time),0.9790961679967344
Sat Mar 01 2025 19:01:00 GMT+0100 (Central European Standard Time),0.9841662688790772
Sat Mar 01 2025 19:02:00 GMT+0100 (Central European Standard Time),0.9901953874171037
Sat Mar 01 2025 19:03:00 GMT+0100 (Central European Standard Time),0.9634984859810477
Sat Mar 01 2025 19:04:00 GMT+0100 (Central European Standard Time),0.9418432017771313
Sat Mar 01 2025 19:05:00 GMT+0100 (Central European Standard Time),0.9662144715858327
Sat Mar 01 2025 19:06:00 GMT+0100 (Central European Standard Time),0.9884240335276748
Sat Mar 01 2025 19:07:00 GMT+0100 (Central European Standard Time),0.956534713166487
Sat Mar 01 2025 19:08:00 GMT+0100 (Central European Standard Time),0.93468428511466
Sat Mar 01 2025 19:09:00 GMT+0100 (Central European Standard Time),0.9679209824693317
Sat Mar 01 2025 19:10:00 GMT+0100 (Central European Standard Time),0.989531172454978
Sat Mar 01 2025 19:11:00 GMT+0100 (Central European Standard Time),0.9939077261899001
Sat Mar 01 2025 19:12:00 GMT+0100 (Central European Standard Time),0.9810190688981796
Sat Mar 01 2025 19:13:00 GMT+0100 (Central European Standard Time),0.9733927821934534
Sat Mar 01 2025 19:14:00 GMT+0100 (Central European Standard Time),0.9845416029390738
Sat Mar 01 2025 19:15:00 GMT+0100 (Central European Standard Time),0.9932748885263815
Sat Mar 01 2025 19:16:00 GMT+0100 (Central European Standard Time),0.9107393870113204
Sat Mar 01 2025 19:17:00 GMT+0100 (Central European Standard Time),0.9098241329613301
Sat Mar 01 2025 19:18:00 GMT+0100 (Central European Standard Time),0.9966841622793557
Sat Mar 01 2025 19:19:00 GMT+0100 (Central European Standard Time),0.9935624345493731
Sat Mar 01 2025 19:20:00 GMT+0100 (Central European Standard Time),0.9905056219060497
Sat Mar 01 2025 19:21:00 GMT+0100 (Central European Standard Time),0.989305022723238
Sat Mar 01 2025 19:22:00 GMT+0100 (Central European Standard Time),0.9878794998570205
Sat Mar 01 2025 19:23:00 GMT+0100 (Central European Standard Time),0.9887619838420505
Sat Mar 01 2025 19:24:00 GMT+0100 (Central European Standard Time),0.9952502434072812
Sat Mar 01 2025 19:25:00 GMT+0100 (Central European Standard Time),0.9815840645824816
Sat Mar 01 2025 19:26:00 GMT+0100 (Central European Standard Time),0.9630550676767597
Sat Mar 01 2025 19:27:00 GMT+0100 (Central European Standard Time),0.9676645088627386
Sat Mar 01 2025 19:28:00 GMT+0100 (Central European Standard Time),0.9694441770213719
Sat Mar 01 2025 19:29:00 GMT+0100 (Central European Standard Time),0.9382999505483288
Sat Mar 01 2025 19:30:00 GMT+0100 (Central European Standard Time),0.8792635775958842
Sat Mar 01 2025 19:31:00 GMT+0100 (Central European Standard Time),0.8942886953741739
Sat Mar 01 2025 19:32:00 GMT+0100 (Central European Standard Time),0.9662219541559656
Sat Mar 01 2025 19:33:00 GMT+0100 (Central European Standard Time),0.8838522852985988
Sat Mar 01 2025 19:34:00 GMT+0100 (Central European Standard Time),0.6866459044984974
Sat Mar 01 2025 19:35:00 GMT+0100 (Central European Standard Time),0.6760814677307887
Sat Mar 01 2025 19:36:00 GMT+0100 (Central European Standard Time),0.8688829485676858
Sat Mar 01 2025 19:37:00 GMT+0100 (Central European Standard Time),0.979875301136902
Sat Mar 01 2025 19:38:00 GMT+0100 (Central European Standard Time),0.9780730389657644
Sat Mar 01 2025 19:39:00 GMT+0100 (Central European Standard Time),0.9762906629570353
Sat Mar 01 2025 19:40:00 GMT+0100 (Central European Standard Time),0.9266307476602984
Sat Mar 01 2025 19:41:00 GMT+0100 (Central European Standard Time),0.8504338598862887
Sat Mar 01 2025 19:42:00 GMT+0100 (Central European Standard Time),0.862861863863994
Sat Mar 01 2025 19:43:00 GMT+0100 (Central European Standard Time),0.9528401357977296
Sat Mar 01 2025 19:44:00 GMT+0100 (Central European Standard Time),0.9870029748600548
Sat Mar 01 2025 19:45:00 GMT+0100 (Central European Standard Time),0.9629281009799039
Sat Mar 01 2025 19:46:00 GMT+0100 (Central European Standard Time),0.9747905593580678
Sat Mar 01 2025 19:47:00 GMT+0100 (Central European Standard Time),0.9956137448889422
Sat Mar 01 2025 19:48:00 GMT+0100 (Central European Standard Time),0.9805336324260376
Sat Mar 01 2025 19:49:00 GMT+0100 (Central European Standard Time),0.9737375633708628
Sat Mar 01 2025 19:50:00 GMT+0100 (Central European Standard Time),0.8515109313845338
Sat Mar 01 2025 19:51:00 GMT+0100 (Central European Standard Time),0.7013373265009553
Sat Mar 01 2025 19:52:00 GMT+0100 (Central European Standard Time),0.6825752643092832
Sat Mar 01 2025 19:53:00 GMT+0100 (Central European Standard Time),0.8206161432895897
Sat Mar 01 2025 19:54:00 GMT+0100 (Central European Standard Time),0.9745628724773875
Sat Mar 01 2025 19:55:00 GMT+0100 (Central European Standard Time),0.9963873378671754
Sat Mar 01 2025 19:56:00 GMT+0100 (Central European Standard Time),0.999035062349382
Sat Mar 01 2025 19:57:00 GMT+0100 (Central European Standard Time),0.7785602806245151
Sat Mar 01 2025 19:58:00 GMT+0100 (Central European Standard Time),0.5309279440250976
Sat Mar 01 2025 19:59:00 GMT+0100 (Central European Standard Time),0.681085903379244
Sat Mar 01 2025 20:00:00 GMT+0100 (Central European Standard Time),0.9104084372286403
Sat Mar 01 2025 20:01:00 GMT+0100 (Central European Standard Time),0.9565694796805474
Sat Mar 01 2025 20:02:00 GMT+0100 (Central European Standard Time),0.9735433892528211
Sat Mar 01 2025 20:03:00 GMT+0100 (Central European Standard Time),0.9976627330991201
Sat Mar 01 2025 20:04:00 GMT+0100 (Central European Standard Time),0.9818310561692366
Sat Mar 01 2025 20:05:00 GMT+0100 (Central European Standard Time),0.9742949333558499
Sat Mar 01 2025 20:06:00 GMT+0100 (Central European Standard Time),0.9789474301907224
Sat Mar 01 2025 20:07:00 GMT+0100 (Central European Standard Time),0.9751486402693748
Sat Mar 01 2025 20:08:00 GMT+0100 (Central European Standard Time),0.9752189994604122
Sat Mar 01 2025 20:09:00 GMT+0100 (Central European Standard Time),0.9729947513634518
Sat Mar 01 2025 20:10:00 GMT+0100 (Central European Standard Time),0.9781924285349911
Sat Mar 01 2025 20:11:00 GMT+0100 (Central European Standard Time),0.9891300924380023
Sat Mar 01 2025 20:12:00 GMT+0100 (Central European Standard Time),0.9897998361921054
Sat Mar 01 2025 20:13:00 GMT+0100 (Central European Standard Time),0.9732328896907347
Sat Mar 01 2025 20:14:00 GMT+0100 (Central European Standard Time),0.9797049538225716
Sat Mar 01 2025 20:15:00 GMT+0100 (Central European Standard Time),0.9940623828891452
Sat Mar 01 2025 20:16:00 GMT+0100 (Central European Standard Time),0.8202669323966498
Sat Mar 01 2025 20:17:00 GMT+0100 (Central European Standard Time),0.5860042709154489
Sat Mar 01 2025 20:18:00 GMT+0100 (Central European Standard Time),0.5970421794159241
Sat Mar 01 2025 20:19:00 GMT+0100 (Central European Standard Time),0.7393884278745342
Sat Mar 01 2025 20:20:00 GMT+0100 (Central European Standard Time),0.8022957402049239
Sat Mar 01 2025 20:21:00 GMT+0100 (Central European Standard Time),0.8883278504039481
Sat Mar 01 2025 20:22:00 GMT+0100 (Central European Standard Time),0.7365316745575304
Sat Mar 01 2025 20:23:00 GMT+0100 (Central European Standard Time),0.2569545040377003
Sat Mar 01 2025 20:24:00 GMT+0100 (Central European Standard Time),0.01724081154122056
Sat Mar 01 2025 20:25:00 GMT+0100 (Central European Standard Time),0.01698359379940181
Sat Mar 01 2025 20:26:00 GMT+0100 (Central European Standard Time),0.016933892850162616
Sat Mar 01 2025 20:27:00 GMT+0100 (Central European Standard Time),0.016772772283608597
Sat Mar 01 2025 20:28:00 GMT+0100 (Central European Standard Time),0.017001772452385922
Sat Mar 01 2025 20:29:00 GMT+0100 (Central European Standard Time),0.01764005690444416
Sat Mar 01 2025 20:30:00 GMT+0100 (Central European Standard Time),0.017984567373120323
Sat Mar 01 2025 20:31:00 GMT+0100 (Central European Standard Time),0.060258229141375824
Sat Mar 01 2025 20:32:00 GMT+0100 (Central European Standard Time),0.06006398799678815
Sat Mar 01 2025 20:33:00 GMT+0100 (Central European Standard Time),0.01760918974669039
Sat Mar 01 2025 20:34:00 GMT+0100 (Central European Standard Time),0.017957008679635084
Sat Mar 01 2025 20:35:00 GMT+0100 (Central European Standard Time),0.017890397347461354
Sat Mar 01 2025 20:36:00 GMT+0100 (Central European Standard Time),0.017822121340456458
Sat Mar 01 2025 20:37:00 GMT+0100 (Central European Standard Time),0.017666505404001023
Sat Mar 01 2025 20:38:00 GMT+0100 (Central European Standard Time),0.017556491567059615
Sat Mar 01 2025 20:39:00 GMT+0100 (Central European Standard Time),0.01745619906032516
Sat Mar 01 2025 20:40:00 GMT+0100 (Central European Standard Time),0.01750391762622409
Sat Mar 01 2025 20:41:00 GMT+0100 (Central European Standard Time),0.017887659478037676
Sat Mar 01 2025 20:42:00 GMT+0100 (Central European Standard Time),0.01784973947966743
Sat Mar 01 2025 20:43:00 GMT+0100 (Central European Standard Time),0.01777137825392856
Sat Mar 01 2025 20:44:00 GMT+0100 (Central European Standard Time),0.01754394045437948
Sat Mar 01 2025 20:45:00 GMT+0100 (Central European Standard Time),0.017329075375225027
Sat Mar 01 2025 20:46:00 GMT+0100 (Central European Standard Time),0.017542871421089026
Sat Mar 01 2025 20:47:00 GMT+0100 (Central European Standard Time),0.01797927519631533
Sat Mar 01 2025 20:48:00 GMT+0100 (Central European Standard Time),0.01834274094411133
Sat Mar 01 2025 20:49:00 GMT+0100 (Central European Standard Time),0.018121222919762658
Sat Mar 01 2025 20:50:00 GMT+0100 (Central European Standard Time),0.017953861796740966
Sat Mar 01 2025 20:51:00 GMT+0100 (Central European Standard Time),0.017778141624876297
Sat Mar 01 2025 20:52:00 GMT+0100 (Central European Standard Time),0.017973859047924635
Sat Mar 01 2025 20:53:00 GMT+0100 (Central European Standard Time),0.018374815439650166
Sat Mar 01 2025 20:54:00 GMT+0100 (Central European Standard Time),0.018284430210223947
Sat Mar 01 2025 20:55:00 GMT+0100 (Central European Standard Time),0.018425876362016425
Sat Mar 01 2025 20:56:00 GMT+0100 (Central European Standard Time),0.018609467080508087
Sat Mar 01 2025 20:57:00 GMT+0100 (Central European Standard Time),0.01879607034485768
Sat Mar 01 2025 20:58:00 GMT+0100 (Central European Standard Time),0.019008675001411273
Sat Mar 01 2025 20:59:00 GMT+0100 (Central European Standard Time),0.018676013645684483
Sat Mar 01 2025 21:00:00 GMT+0100 (Central European Standard Time),0.019164820658685737
Sat Mar 01 2025 21:01:00 GMT+0100 (Central European Standard Time),0.019069280175487317